kind,url,term,count
metadata,,Codename: Michelle,
event,,Launch,
event,,View Images,
term_count,https://en.wikipedia.org/wiki/AllMusic,Talik,0
term_count,https://en.wikipedia.org#cite_ref-1,Talik,0
term_count,https://en.wikipedia.org#cite_ref-2,Talik,0
term_count,https://en.wikipedia.org#cite_ref-3,Talik,0
term_count,https://en.wikipedia.org/wiki/Pitchfork_(website),Talik,0
term_count,https://pitchfork.com/reviews/albums/14386-how-i-got-over/,Talik,0
term_count,https://en.wikipedia.org#cite_ref-4,Talik,0
term_count,https://en.wikipedia.org/wiki/Creative_Loafing,Talik,0
term_count,https://clclt.com/charlotte/the-roots/Content?oid=2360759,Talik,0
term_count,https://en.wikipedia.org/wiki/Miles_Marshall_Lewis,Talik,0
term_count,https://en.wikipedia.org#cite_ref-5,Talik,0
term_count,https://en.wikipedia.org/wiki/Dallas_Observer,Talik,0
term_count,https://www.dallasobserver.com/music/common-6375880,Talik,0
term_count,https://en.wikipedia.org#cite_ref-IH_Review_6-0,Talik,0
term_count,https://en.wikipedia.org#cite_ref-7,Talik,0
term_count,https://en.wikipedia.org#cite_ref-8,Talik,0
term_count,https://en.wikipedia.org/wiki/CBS_News,Talik,0
term_count,http://www.cbsnews.com/news/the-roots-of-questloves-success/,Talik,0
term_count,https://en.wikipedia.org/wiki/Ben_Greenman,Talik,0
term_count,https://en.wikipedia.org#cite_ref-9,Talik,0
term_count,https://en.wikipedia.org#cite_ref-amg_10-0,Talik,0
term_count,https://en.wikipedia.org#cite_ref-amg_10-1,Talik,0
term_count,https://en.wikipedia.org#cite_ref-amg_10-2,Talik,0
term_count,https://en.wikipedia.org#cite_ref-amg_10-3,Talik,0
term_count,https://en.wikipedia.org#cite_ref-amg_10-4,Talik,0
term_count,https://en.wikipedia.org#cite_ref-11,Talik,0
term_count,https://en.wikipedia.org#cite_ref-12,Talik,0
term_count,https://en.wikipedia.org#cite_ref-RIAA_13-0,Talik,0
term_count,https://en.wikipedia.org#cite_ref-14,Talik,0
term_count,http://www.mtv.com/news/articles/1433815/19970107/roots.jhtml,Talik,0
term_count,https://en.wikipedia.org#cite_ref-15,Talik,0
term_count,https://en.wikipedia.org#cite_ref-16,Talik,0
term_count,https://en.wikipedia.org#cite_ref-17,Talik,0
term_count,https://en.wikipedia.org#cite_ref-18,Talik,0
term_count,https://www.allmusic.com/album/r397893,Talik,0
term_count,http://riaa.com/goldandplatinumdata.php?resultpage=1&table=SEARCH_RESULTS&action=&title=&artist=The%20Roots&format=&debutLP=&category=&sex=&releaseDate=&requestNo=&type=&level=&label=&company=&certificationDate=&awardDescription=&catalogNo=&aSex=&rec_id=&charField=&gold=&platinum=&multiPlat=&level2=&certDate=&album=&id=&after=on&before=&startMonth=1&endMonth=1&startYear=1987&endYear=2009&sort=Artist&perPage=25,Talik,0
term_count,https://en.wikipedia.org#cite_ref-19,Talik,0
term_count,http://www.mtv.com/news/articles/1424818/20000224/aguilera_christina.jhtml,Talik,0
term_count,http://www.mtv.com/news/articles/1433808/19990223/roots.jhtml,Talik,0
term_count,https://en.wikipedia.org#cite_ref-20,Talik,0
term_count,http://www.mtv.com/news/articles/1427531/19990712/costello_elvis.jhtml,Talik,0
term_count,https://en.wikipedia.org#cite_ref-21,Talik,0
term_count,https://en.wikipedia.org#cite_ref-22,Talik,0
term_count,https://en.wikipedia.org/wiki/Category:CS1_maint:_deprecated_archival_service,Talik,0
term_count,https://en.wikipedia.org/wiki/Template:Cite_news,Talik,0
term_count,https://en.wikipedia.org#cite_ref-23,Talik,0
term_count,http://www.mtv.com/news/articles/1451515/20011217/jay_z.jhtml,Talik,0
term_count,http://www.mtv.com/news/articles/1490809/20040907/west_kanye.jhtml,Talik,0
term_count,https://en.wikipedia.org#cite_ref-Questlove_Game_Theory_Interview_24-0,Talik,0
term_count,http://www.mtv.com/news/articles/1471044/20030404/incubus.jhtml,Talik,0
term_count,https://en.wikipedia.org#cite_ref-25,Talik,0
term_count,https://en.wikipedia.org#cite_ref-Rosen2_26-0,Talik,0
term_count,https://en.wikipedia.org#cite_ref-27,Talik,0
term_count,https://www.allmusic.com/album/r1341290,Talik,0
term_count,https://en.wikipedia.org#cite_ref-28,Talik,0
term_count,https://pitchfork.com/news/hole-say-they-were-never-told-about-lost-recordings-in-warehouse-fire/,Talik,0
term_count,https://en.wikipedia.org#cite_ref-29,Talik,0
term_count,https://en.wikipedia.org#cite_ref-30,Talik,0
term_count,https://en.wikipedia.org#cite_ref-31,Talik,0
term_count,http://www.billboard.com/articles/news/268305/roots-to-debut-new-single-on-jimmy-fallon,Talik,0
term_count,https://en.wikipedia.org#cite_ref-32,Talik,0
term_count,https://en.wikipedia.org#cite_ref-34,Talik,0
term_count,https://en.wikipedia.org#cite_ref-33,Talik,0
term_count,https://www.spin.com/2011/11/uestlove-explains-how-spin-and-sufjan-inspired-roots-undun/,Talik,0
term_count,http://pitchfork.com/news/50940-the-roots-and-elvis-costello-announce-collaborative-album-wise-up-ghost/,Talik,0
term_count,http://pitchfork.com/news/51583-watchlisten-elvis-costello-and-the-roots-walk-us-uptown/,Talik,0
term_count,https://en.wikipedia.org#cite_ref-35,Talik,0
term_count,https://en.wikipedia.org#cite_ref-36,Talik,0
term_count,https://en.wikipedia.org#cite_ref-38,Talik,0
term_count,https://en.wikipedia.org#cite_ref-37,Talik,0
term_count,https://en.wikipedia.org#cite_ref-39,Talik,0
term_count,https://www.hotnewhiphop.com/161622-questlove-stashed-unreleased-j-dilla-beat-for-the-roots-new-album-news,Talik,0
term_count,https://en.wikipedia.org#cite_ref-40,Talik,0
term_count,https://www.okayplayer.com/questlove-the-roots-end-game?fbclid=IwY2xjawMfSh5leHRuA2FlbQIxMABicmlkETE2M21FOEJlUTY3YkNCRmU5AR68kVl3LIgX8gv8FDS6aMdJwle0dBw5ielvCqzJEjfBg26jGT-m-lWhSOv8lA_aem_RLNb0Isa4ePDCWa4n6LkTQ,Talik,0
term_count,https://en.wikipedia.org#cite_ref-41,Talik,0
term_count,https://en.wikipedia.org#cite_ref-42,Talik,0
term_count,https://en.wikipedia.org#cite_ref-43,Talik,0
term_count,https://nypost.com/2017/08/17/ex-roots-drummer-sues-questlove-black-thought-over-unpaid-royalties/,Talik,0
term_count,http://www.philly.com/philly/blogs/inthemix/Bass-player-Owen-Biddle-leaves-The-Roots-Mark-Kelley-joins-band.html,Talik,0
term_count,https://en.wikipedia.org#cite_ref-44,Talik,0
term_count,http://2dopeboyz.com/2016/10/18/the-roots-announce-end-game/,Talik,0
term_count,https://en.wikipedia.org#cite_ref-45,Talik,0
term_count,https://en.wikipedia.org#cite_ref-46,Talik,0
term_count,https://en.wikipedia.org#cite_ref-47,Talik,0
term_count,https://en.wikipedia.org#cite_ref-48,Talik,0
term_count,https://en.wikipedia.org/wiki/Esquire_(magazine),Talik,0
term_count,https://en.wikipedia.org/wiki/The_New_York_Times,Talik,0
term_count,https://en.wikipedia.org/wiki/Billboard_(magazine),Talik,0
term_count,https://www.billboard.com/music/music-news/the-roots-sept-27-2006-jacksonville-fla-plush-57076/,Talik,0
term_count,https://en.wikipedia.org#cite_ref-49,Talik,0
term_count,https://classic.esquire.com/article/2004/8/1/the-roots-reconsidered,Talik,0
term_count,https://en.wikipedia.org#cite_ref-50,Talik,0
term_count,https://en.wikipedia.org#cite_ref-51,Talik,0
term_count,http://www.billboard.com/articles/news/58007/jay-z-revives-reasonable-doubt-in-nyc,Talik,0
term_count,https://en.wikipedia.org#cite_ref-52,Talik,0
term_count,https://en.wikipedia.org#cite_ref-53,Talik,0
term_count,https://en.wikipedia.org#cite_ref-54,Talik,0
term_count,https://en.wikipedia.org#cite_ref-55,Talik,0
term_count,https://en.wikipedia.org#cite_ref-56,Talik,0
term_count,https://en.wikipedia.org#cite_ref-57,Talik,0
term_count,https://en.wikipedia.org#cite_ref-58,Talik,0
term_count,https://en.wikipedia.org#cite_ref-59,Talik,0
term_count,https://en.wikipedia.org/wiki/Austin_American-Statesman,Talik,0
term_count,https://en.wikipedia.org#cite_ref-60,Talik,0
term_count,https://en.wikipedia.org#cite_ref-61,Talik,0
term_count,https://en.wikipedia.org/wiki/Philadelphia_Media_Network,Talik,0
term_count,https://en.wikipedia.org#cite_ref-62,Talik,0
term_count,https://en.wikipedia.org/wiki/Gawker,Talik,0
term_count,http://www.philly.com/philly/blogs/inthemix/Review-The-Roots-Picnic-with-Macklemore--Ryan-Lewis-Gary-Clark-Jr-Grimes-Naughty-by-Nature-and-more.html,Talik,0
term_count,https://en.wikipedia.org#cite_ref-63,Talik,0
term_count,https://en.wikipedia.org/wiki/Daily_News_(New_York),Talik,0
term_count,http://www.nydailynews.com/entertainment/gossip/fallon-pull-roots-bring-tonight-article-1.1308240,Talik,0
term_count,https://en.wikipedia.org/wiki/HuffPost,Talik,0
term_count,https://en.wikipedia.org#cite_ref-64,Talik,0
term_count,https://www.huffpost.com/entry/roots-welcome-bachmann-wi_n_1107751,Talik,0
term_count,https://en.wikipedia.org#cite_ref-65,Talik,0
term_count,https://en.wikipedia.org/wiki/Entertainment_Weekly,Talik,0
term_count,http://www.covermesongs.com/2010/08/the-roots-sunday-bloody-sunday-pride-in-the-name-of-love.html,Talik,0
term_count,https://en.wikipedia.org#cite_ref-66,Talik,0
term_count,https://en.wikipedia.org#cite_ref-67,Talik,0
term_count,https://en.wikipedia.org/wiki/The_Wall_Street_Journal,Talik,0
term_count,https://en.wikipedia.org/wiki/Rolling_Stone,Talik,0
term_count,https://en.wikipedia.org#cite_ref-68,Talik,0
term_count,https://www.rollingstone.com/music/news/the-roots-must-clear-music-with-nbc-after-michele-bachmann-incident-20111209,Talik,0
term_count,http://www.ibtimes.com/bachmanns-iran-embassy-flub-gop-candidates-top-10-gaffes-video-377322,Talik,0
term_count,https://en.wikipedia.org#cite_ref-fire_69-0,Talik,0
term_count,https://en.wikipedia.org#cite_ref-fire_69-1,Talik,0
term_count,https://www.huffpost.com/entry/questlove-michele-bachman-fired-jimmy-fallon_n_3483466,Talik,0
term_count,https://en.wikipedia.org#cite_ref-70,Talik,0
term_count,https://www.rollingstone.com/music/news/the-roots-uestlove-on-life-on-jimmy-fallon-as-late-nights-hottest-house-band-20091120,Talik,0
term_count,https://en.wikipedia.org#cite_ref-71,Talik,0
term_count,https://en.wikipedia.org#cite_ref-72,Talik,0
term_count,https://www.huffpost.com/entry/obama-slow-jams-the-news-with-fallon_n_1450968,Talik,0
term_count,https://en.wikipedia.org#cite_ref-73,Talik,0
term_count,https://en.wikipedia.org#cite_ref-74,Talik,0
term_count,https://en.wikipedia.org/wiki/Politico,Talik,0
term_count,https://en.wikipedia.org#cite_ref-75,Talik,0
term_count,https://en.wikipedia.org#cite_ref-76,Talik,0
term_count,https://ghostarchive.org/varchive/youtube/20211102/vAFQIciWsF4,Talik,0
term_count,https://www.huffpost.com/entry/carly-rae-jepsen-jimmy-fallon-the-roots-call-me-maybe-video_n_1581355,Talik,0
term_count,https://www.youtube.com/watch?v=vAFQIciWsF4,Talik,0
term_count,https://www.huffpost.com/entry/jimmy-fallon-robin-thicke_n_3694670,Talik,0
term_count,https://en.wikipedia.org#cite_ref-77,Talik,0
term_count,https://en.wikipedia.org#cite_ref-78,Talik,0
term_count,https://ghostarchive.org/varchive/youtube/20211102/7HTJaJuA0Gw,Talik,0
term_count,https://www.youtube.com/watch?v=7HTJaJuA0Gw,Talik,0
term_count,https://en.wikipedia.org/wiki/Time_(magazine),Talik,0
term_count,https://en.wikipedia.org#cite_ref-79,Talik,0
term_count,https://pitchfork.com/news/watch-janet-jackson-and-the-roots-perform-runaway-on-classroom-instruments/,Talik,0
term_count,https://en.wikipedia.org#cite_ref-80,Talik,0
term_count,https://en.wikipedia.org#cite_ref-81,Talik,0
term_count,https://en.wikipedia.org#cite_ref-p5_82-0,Talik,0
term_count,https://en.wikipedia.org#cite_ref-p5_82-1,Talik,0
term_count,https://en.wikipedia.org#cite_ref-83,Talik,0
term_count,https://www.spin.com/2013/03/justin-timberlake-jimmy-fallons-history-of-rap-part-4-song-list-video/,Talik,0
term_count,https://www.spin.com/2014/02/justin-timberlake-jimmy-fallon-history-of-rap-part-5-song-list-video/,Talik,0
term_count,https://en.wikipedia.org#cite_ref-84,Talik,0
term_count,https://philadelphia.cbslocal.com/2014/11/04/the-roots-to-partner-with-their-philadelphia-alma-matter-capa/,Talik,0
term_count,https://www.hollywoodreporter.com/news/roots-questlove-philanthropy-why-schools-217522,Talik,0
term_count,https://en.wikipedia.org#cite_ref-85,Talik,0
term_count,https://en.wikipedia.org#cite_ref-86,Talik,0
term_count,http://usatoday30.usatoday.com/life/people/2007-03-03-naacp-winners-list_n.htm,Talik,0
term_count,https://en.wikipedia.org#cite_ref-87,Talik,0
term_count,https://en.wikipedia.org#cite_ref-HHD_88-0,Talik,0
term_count,https://en.wikipedia.org#cite_ref-HHD_88-1,Talik,0
term_count,https://en.wikipedia.org#cite_ref-89,Talik,0
term_count,https://en.wikipedia.org#cite_ref-90,Talik,0
term_count,https://en.wikipedia.org/wiki/Template:Cite_web,Talik,0
term_count,https://en.wikipedia.org#cite_ref-91,Talik,0
term_count,http://articles.philly.com/2004-04-21/news/25363302_1_hero-awards-james-jamerson-hall-of-fame-award,Talik,0
term_count,https://en.wikipedia.org#cite_ref-92,Talik,0
term_count,http://www.therootsarchive.com/?q=node/67,Talik,0
